RAM,brand,capacity,color,depth,display_size,fingerprint,generation/release,graphics_card,height,item_title,operating_system,operating_system_architecture,price,touch_display,weight,width
8 GB RAM,Huawei,256 GB SSD,Silver,22.10 cm ( 8.70 in ),"14""",Yes,2018,NVIDIA GeForce MX150 (2 GB),1.49 cm ( .59 in ),MateBook D Volta,Windows 10,64 bit,3799.0,No,1.29 kg ( 2.84 lb ),32.30 cm ( 12.72 in )
4 GB RAM,Dell,1 TB HDD,Black,260.30 mm ( 10.25 in ),"15.6""",NA,2018,Intel HD Graphics 620,23.65 mm ( .93 in ),Inspiron 15 3567,Windows 10,64 bit,1849.0,No,2.30 kg ( 5.07 lb ),380.00 mm ( 14.96 in )
8 GB RAM,Apple,128 GB (PCIe SSD),Gold,21.24 cm ( 8.36 in ),"13.3""",Yes,2018,Intel UHD Graphics 617,1.56 cm ( .61 in ),MacBook Air (Retina),macOS Mojave,Not Specified,5199.0,No,1.25 kg ( 2.76 lb ),30.41 cm ( 11.97 in )
8 GB RAM,Huawei,128 GB SSD/1 TB HDD,Grey,23.90 cm ( 9.41 in ),"15.6""",NA,2018,NVIDIA GeForce MX150 (2 GB),1.69 cm ( .67 in ),MateBook D,Windows 10,64 bit,2799.0,No,1.90 kg ( 4.19 lb ),35.80 cm ( 14.09 in )
8 GB RAM,Huawei,256 GB NVMe M.2 SSD,Mystic Silver,21.70 cm ( 8.54 in ),"13.88""",Yes,2018,NVIDIA GeForce MX150 (2 GB),1.46 cm ( .57 in ),MateBook X Pro,Windows 10,64 bit,5999.0,Yes,1.29 kg ( 2.84 lb ),30.40 cm ( 11.97 in )
8 GB RAM,Apple,128 GB SSD,Space Gray,21.24 cm ( 8.36 in ),"13.3""",NA,2017,Intel Iris Plus Graphics 640,1.49 cm ( .59 in ),MacBook Pro (Retina),macOS Sierra,NA,10199.0,NA,1.37 kg ( 3.02 lb ),30.41 cm ( 11.97 in )
8 GB RAM,Apple,128 GB (PCIe Flash),Silver,22.70 cm ( 8.94 in ),"13.3""",NA,2017,Intel HD Graphics 6000,1.70 cm ( .67 in ),MacBook Air,macOS Sierra,NA,5199.0,NA,1.35 kg ( 2.98 lb ),32.50 cm ( 12.80 in )
8 GB RAM,Apple,128 GB (PCIe Flash),Silver,22.70 cm ( 8.94 in ),"13.3""",NA,2017,Intel HD Graphics 6000,1.70 cm ( .67 in ),MacBook Air,macOS Sierra,Not Specified,4799.0,No,1.35 kg ( 2.98 lb ),32.50 cm ( 12.80 in )
16 GB RAM,HP,1 TB PCIe NVMe M.2 SSD,Natural Silver,1.49 cm ( .59 in ),"13.3""",NA,2018,NVIDIA GeForce MX150 (2 GB),21.20 cm ( 8.35 in ),ENVY 13-ah0002nx,Windows 10,64 bit,5349.0,No,1.30 kg ( 2.87 lb ),30.70 cm ( 12.09 in )
8 GB RAM,Microsoft,256 GB SSD,Platinum,223.20 mm ( 8.79 in ),"13.5""",NA,2018,Intel UHD Graphics 620,14.47 mm ( .57 in ),Surface 2,Windows 10 S,64 bit,5799.0,Yes,1.25 kg ( 2.76 lb ),308.02 mm ( 12.13 in )
8 GB RAM,Microsoft,128 GB SSD,Platinum,223.20 mm ( 8.79 in ),"13.5""",NA,2018,Intel UHD Graphics 620,14.47 mm ( .57 in ),Surface 2,Windows 10 S,64 bit,5799.0,Yes,1.25 kg ( 2.76 lb ),308.02 mm ( 12.13 in )
16 GB RAM,HP,512 GB NVMe M.2 SSD,Mineral Silver,1.79 cm ( .70 in ),"15.6""",NA,2019,NVIDIA GeForce GTX 1050 (3 GB),24.56 cm ( 9.67 in ),Pavilion 15-cs2012nx,Windows 10,64 bit,4599.0,No,1.94 kg ( 4.28 lb ),36.16 cm ( 14.24 in )
12 GB RAM,Lenovo,1 TB PCIe NVMe M.2 SSD,Abyss Blue,1.59 cm ( .63 in ),"14""",Yes,2019,NVIDIA GeForce MX250 (2 GB),22.70 cm ( 8.94 in ),IdeaPad S540,Windows 10,64 bit,3499.0,No,1.50 kg ( 3.31 lb ),32.30 cm ( 12.72 in )
8 GB RAM,Lenovo,128 GB PCIe NVMe M.2 SSD/1 TB HDD,Abyss Blue,1.79 cm ( .70 in ),"15.6""",NA,2019,NVIDIA GeForce MX250 (2 GB),24.50 cm ( 9.65 in ),IdeaPad S340,Windows 10,64 bit,2599.0,No,1.80 kg ( 3.97 lb ),35.80 cm ( 14.09 in )
8 GB RAM,Lenovo,128 GB SSD/1 TB HDD,Abyss Blue,1.79 cm ( .70 in ),"15.6""",NA,2019,NVIDIA GeForce MX230 (2 GB),24.50 cm ( 9.65 in ),IdeaPad S340,Windows 10,64 bit,2299.0,No,1.80 kg ( 3.97 lb ),35.80 cm ( 14.09 in )
4 GB RAM,Lenovo,1 TB HDD,Abyss Blue,1.79 cm ( .70 in ),"14""",NA,2019,Intel UHD Graphics,32.20 cm ( 12.68 in ),IdeaPad S340-14IIL,Windows 10,64 bit,1799.0,No,1.60 kg ( 3.53 lb ),23.00 cm ( 9.06 in )
4 GB RAM,Lenovo,1 TB HDD,Platinum Grey,1.79 cm ( .70 in ),"14""",NA,2019,Intel UHD Graphics,32.20 cm ( 12.68 in ),IdeaPad S340-14IIL,Windows 10,64 bit,1799.0,No,1.60 kg ( 3.53 lb ),23.00 cm ( 9.06 in )
4 GB RAM,HP,1 TB HDD,Black,2.25 cm ( .89 in ),"15.6""",NA,2019,Intel UHD Graphics 620,24.60 cm ( 9.69 in ),15-da1005nx,Windows 10,64 bit,2199.0,No,3.10 kg ( 6.83 lb ),34.60 cm ( 13.62 in )
4 GB RAM,HP,1 TB HDD,Twilight Blue,2.25 cm ( .89 in ),"15.6""",NA,2019,Intel UHD Graphics 620,24.60 cm ( 9.69 in ),15-da1005nx,Windows 10,64 bit,2199.0,No,3.10 kg ( 6.83 lb ),34.60 cm ( 13.62 in )
4 GB RAM,HP,1 TB HDD,Black,2.25 cm ( .89 in ),"15.6""",NA,2019,Intel UHD Graphics 620,26.60 cm ( 10.47 in ),15-da1016nx,Windows 10,64 bit,2199.0,No,3.10 kg ( 6.83 lb ),37.60 cm ( 14.80 in )
4 GB RAM,HP,1 TB HDD,Twilight Blue,2.25 cm ( .89 in ),"15.6""",NA,2019,Intel UHD Graphics 620,26.60 cm ( 10.47 in ),15-da1018nx,Windows 10,64 bit,2199.0,No,3.10 kg ( 6.83 lb ),37.60 cm ( 14.80 in )
4 GB RAM,Lenovo,1 TB HDD,Platinum Grey,1.79 cm ( .70 in ),"14""",NA,2019,Intel GMA HD,23.05 cm ( 9.07 in ),IdeaPad S340,Windows 10,64 bit,1849.0,No,1.60 kg ( 3.53 lb ),32.27 cm ( 12.70 in )
4 GB RAM,Lenovo,1 TB HDD,Abyss Blue,1.79 cm ( .70 in ),"14""",NA,2019,Intel UHD Graphics,32.20 cm ( 12.68 in ),IdeaPad S340-14IIL,Windows 10,64 bit,1579.0,No,1.60 kg ( 3.53 lb ),23.00 cm ( 9.06 in )
4 GB RAM,Lenovo,1 TB HDD,Platinum Grey,1.79 cm ( .70 in ),"14""",NA,2019,Intel UHD Graphics,32.20 cm ( 12.68 in ),IdeaPad S340-14IIL,Windows 10,64 bit,1579.0,No,1.60 kg ( 3.53 lb ),25.00 cm ( 9.84 in )
4 GB RAM,Lenovo,1 TB HDD,Platinum Grey,1.79 cm ( .70 in ),"14""",NA,2019,Intel GMA HD,23.05 cm ( 9.07 in ),IdeaPad S340,Windows 10,64 bit,1579.0,No,1.60 kg ( 3.53 lb ),32.27 cm ( 12.70 in )
4 GB RAM,HP,500 GB HDD,Smoke Grey,24.00 cm ( 9.45 in ),"14""",NA,2018,Intel HD Graphics 600,2.37 cm ( .93 in ),14-ck0008nx,Windows 10,64 bit,1899.0,No,1.90 kg ( 4.19 lb ),34.00 cm ( 13.39 in )
4 GB RAM,HP,64 GB (eMMC),Smoke Grey,1.79 cm ( .70 in ),"14""",NA,2019,Intel UHD Graphics 600,22.60 cm ( 8.90 in ),Stream 14-cb104nx,Windows 10,64 bit,959.0,No,1.44 kg ( 3.17 lb ),33.70 cm ( 13.27 in )
4 GB RAM,HP,64 GB (eMMC),White,1.68 cm ( .66 in ),"11.6""",NA,2019,Intel GMA HD,19.28 cm ( 7.59 in ),Stream 11-ak0000nx,Windows 10,64 bit,819.0,No,1.05 kg ( 2.31 lb ),28.15 cm ( 11.08 in )
4 GB RAM,Lenovo,1 TB HDD,Onyx Black,26.00 cm ( 10.24 in ),"15.6""",NA,2018,Intel UHD Graphics 600,2.29 cm ( .90 in ),IdeaPad 330,Windows 10,64 bit,1279.0,No,2.20 kg ( 4.85 lb ),37.80 cm ( 14.88 in )
4 GB RAM,Lenovo,64 GB (eMMC),Midnight Blue,25.50 cm ( 10.04 in ),"14""",NA,2018,Intel UHD Graphics 600,1.86 cm ( .73 in ),IdeaPad S130-14IGM,Windows 10,64 bit,999.0,No,1.47 kg ( 3.24 lb ),33.40 cm ( 13.15 in )
4 GB RAM,Dell,1 TB HDD,Platinum Silver,24.19 cm ( 9.52 in ),"14""",NA,2019,Intel HD Graphics 620,1.99 cm ( .78 in ),Inspiron 14 3481,Windows 10,64 bit,2199.0,No,1.79 kg ( 3.95 lb ),33.90 cm ( 13.35 in )
4 GB RAM,Lenovo,500 GB HDD,Grey,1.99 cm ( .78 in ),"15.6""",NA,2019,Intel GMA HD,25.25 cm ( 9.94 in ),IdeaPad S145,Windows 10,64 bit,1199.0,No,1.85 kg ( 4.08 lb ),36.22 cm ( 14.26 in )
8 GB RAM,Dell,512 GB SSD,Silver,23.50 cm ( 9.25 in ),"15.6""",NA,2019,NVIDIA GeForce GTX 1650 (4 GB),1.12 cm ( .44 in ),XPS 15 7590,Windows 10,64 bit,6999.0,No,1.80 kg ( 3.97 lb ),35.70 cm ( 14.06 in )
8 GB RAM,HP,1 TB HDD,Natural Silver,2.25 cm ( .89 in ),"15.6""",NA,2019,NVIDIA GeForce MX130 (4 GB),37.60 cm ( 14.80 in ),15-da2006nx,Windows 10,64 bit,3149.0,No,1.77 kg ( 3.90 lb ),24.60 cm ( 9.69 in )
4 GB RAM,HP,128 GB M.2 SSD,Natural Silver,1.99 cm ( .78 in ),"14""",NA,2019,Intel GMA HD,32.40 cm ( 12.76 in ),14s-dq1003nx,Windows 10,64 bit,1899.0,No,1.51 kg ( 3.33 lb ),22.50 cm ( 8.86 in )
8 GB RAM,HP,128 GB PCIe NVMe M.2 SSD/1 TB HDD,Mineral Silver,1.79 cm ( .70 in ),"15.6""",NA,2019,NVIDIA GeForce MX130 (2 GB),32.10 cm ( 12.64 in ),Pavilion 15-cs3001nx,Windows 10,64 bit,2899.0,No,1.94 kg ( 4.28 lb ),24.50 cm ( 9.65 in )
8 GB RAM,HP,1 TB HDD,Jet Black,2.25 cm ( .89 in ),"15.6""",NA,2019,NVIDIA GeForce MX130 (4 GB),37.60 cm ( 14.80 in ),15-da2005nx,Windows 10,64 bit,3149.0,No,1.77 kg ( 3.90 lb ),24.60 cm ( 9.69 in )
4 GB RAM,Acer,64 GB (eMMC),Black,24.50 cm ( 9.65 in ),"14""",NA,2019,Intel UHD Graphics 600,1.80 cm ( .71 in ),Aspire 1 A114-32,Windows 10 S,Not Specified,999.0,No,1.70 kg ( 3.75 lb ),34.30 cm ( 13.50 in )
4 GB RAM,Acer,128 GB M.2 SSD,Blue,25.90 cm ( 10.20 in ),"15.6""",NA,2019,Intel UHD Graphics 620,1.99 cm ( .78 in ),Aspire 3 A315-54,Windows 10,64 bit,1699.0,No,1.90 kg ( 4.19 lb ),38.16 cm ( 15.02 in )
4 GB RAM,Acer,1 TB HDD,Blue,25.90 cm ( 10.20 in ),"15.6""",NA,2019,Intel UHD Graphics 620,1.99 cm ( .78 in ),Aspire 3 A315-54,Windows 10,64 bit,2049.0,No,1.90 kg ( 4.19 lb ),38.16 cm ( 15.02 in )
8 GB RAM,Acer,128 GB SSD/1 TB HDD,Black,25.90 cm ( 10.20 in ),"15.6""",NA,2019,NVIDIA GeForce MX230 (2 GB),1.99 cm ( .78 in ),Aspire 3 A315-55,Windows 10,64 bit,2649.0,No,1.90 kg ( 4.19 lb ),38.16 cm ( 15.02 in )
8 GB RAM,Acer,128 GB SSD/1 TB HDD,Silver,25.90 cm ( 10.20 in ),"15.6""",NA,2019,NVIDIA GeForce MX250 (2 GB),1.99 cm ( .78 in ),Aspire 5 A515-54,Windows 10,64 bit,2999.0,No,2.30 kg ( 5.07 lb ),38.16 cm ( 15.02 in )
4 GB RAM,HP,1 TB HDD,Jet Black,2.25 cm ( .89 in ),"15.6""",NA,2019,Intel UHD Graphics,37.60 cm ( 14.80 in ),15-da2003nx,Windows 10,64 bit,2199.0,No,1.77 kg ( 3.90 lb ),24.60 cm ( 9.69 in )
4 GB RAM,HP,1 TB HDD,Smoke Grey,2.25 cm ( .89 in ),"15.6""",NA,2019,Intel UHD Graphics,37.60 cm ( 14.80 in ),15-da2004nx,Windows 10,64 bit,2199.0,No,1.77 kg ( 3.90 lb ),24.60 cm ( 9.69 in )
8 GB RAM,HP,128 GB SSD/1 TB HDD,Natural Silver,1.99 cm ( .78 in ),"14""",NA,2019,AMD Radeon 530 (2 GB),32.40 cm ( 12.76 in ),14-cf2000nx,Windows 10,64 bit,2799.0,No,1.47 kg ( 3.24 lb ),22.50 cm ( 8.86 in )
8 GB RAM,HP,256 GB NVMe M.2 SSD,Natural Silver,1.99 cm ( .78 in ),"14""",NA,2019,Intel GMA HD,32.40 cm ( 12.76 in ),14s-dq1004nx,Windows 10,64 bit,2399.0,No,1.51 kg ( 3.33 lb ),22.50 cm ( 8.86 in )
4 GB RAM,Dell,1 TB HDD,Platinum Silver,24.19 cm ( 9.52 in ),"14""",NA,2019,NVIDIA GeForce MX230 (2 GB),1.99 cm ( .78 in ),Inspiron 14 3493,Windows 10,64 bit,2199.0,No,1.79 kg ( 3.95 lb ),33.90 cm ( 13.35 in )
8 GB RAM,Dell,512 GB NVMe M.2 SSD,Platinum Silver,24.19 cm ( 9.52 in ),"14""",NA,2019,NVIDIA GeForce MX230 (2 GB),1.99 cm ( .78 in ),Inspiron 14 3493,Windows 10,64 bit,2499.0,No,1.79 kg ( 3.95 lb ),33.90 cm ( 13.35 in )
8 GB RAM,Dell,512 GB NVMe M.2 SSD,Platinum Silver,24.19 cm ( 9.52 in ),"14""",NA,2019,NVIDIA GeForce MX230 (2 GB),1.99 cm ( .78 in ),Inspiron 14 3493,Windows 10,64 bit,3099.0,No,1.79 kg ( 3.95 lb ),33.90 cm ( 13.35 in )
16 GB RAM,Dell,512 GB NVMe M.2 SSD/1 TB HDD,Platinum Silver,24.90 cm ( 9.80 in ),"15.6""",NA,2019,NVIDIA GeForce MX230 (4 GB),1.80 cm ( .71 in ),Inspiron 15 5593,Windows 10,64 bit,4099.0,No,2.05 kg ( 4.52 lb ),36.40 cm ( 14.33 in )
16 GB RAM,HP,512 GB SSD,Mineral Silver,1.79 cm ( .70 in ),"15.6""",NA,2019,NVIDIA GeForce GTX 1050 (3 GB),24.56 cm ( 9.67 in ),Pavilion 15-cs3002nx,Windows 10,64 bit,4599.0,No,1.94 kg ( 4.28 lb ),36.16 cm ( 14.24 in )
32 GB RAM,Dell,2 TB PCIe SSD,Silver,23.50 cm ( 9.25 in ),"15.6""",NA,2019,NVIDIA GeForce GTX 1650 (4 GB),1.12 cm ( .44 in ),XPS 15 7590,Windows 10,64 bit,14499.0,Yes,1.80 kg ( 3.97 lb ),35.70 cm ( 14.06 in )
12 GB RAM,Dell,512 GB PCIe NVMe M.2 SSD,Platinum Silver,21.70 cm ( 8.54 in ),"14""",NA,2019,NVIDIA GeForce MX230 (2 GB),1.73 cm ( .68 in ),Inspiron 14 5490,Windows 10,64 bit,3699.0,No,1.50 kg ( 3.31 lb ),32.18 cm ( 12.67 in )
16 GB RAM,Asus,1 TB PCIe NVMe M.2 SSD,Royal Blue,19.90 cm ( 7.83 in ),"14""",NA,2019,NVIDIA GeForce MX250 (2 GB),1.82 cm ( .72 in ),ZenBook 14 UX434FL,Windows 10,64 bit,4999.0,No,1.26 kg ( 2.78 lb ),31.90 cm ( 12.56 in )
8 GB RAM,Asus,512 GB PCIe NVMe M.2 SSD,Royal Blue,19.90 cm ( 7.83 in ),"14""",NA,2019,NVIDIA GeForce MX250 (2 GB),1.82 cm ( .72 in ),ZenBook 14 UX434FL,Windows 10,64 bit,3799.0,No,1.26 kg ( 2.78 lb ),31.90 cm ( 12.56 in )
4 GB RAM,Asus,1 TB HDD,Slate Grey,2.20 cm ( .87 in ),"15.6""",NA,2019,Intel UHD Graphics 620,36.00 cm ( 14.17 in ),X509FA,Windows 10,64 bit,1799.0,No,1.90 kg ( 4.19 lb ),23.50 cm ( 9.25 in )
16 GB RAM,Dell,1 TB PCIe NVMe M.2 SSD,Silver,205.93 mm ( 8.11 in ),"14""",NA,2019,NVIDIA GeForce MX250 (2 GB),14.90 mm ( .59 in ),Inspiron 14 7490,Windows 10,64 bit,5399.0,No,1.32 kg ( 2.91 lb ),319.77 mm ( 12.59 in )
16 GB RAM,Apple,256 GB SSD,Space Gray,24.07 cm ( 9.48 in ),"15.4""",Yes,2018,Radeon Pro 555X GDDR5 (4 GB),1.55 cm ( .61 in ),MacBook Pro (Retina + Touch Bar),macOS Sierra,NA,10199.0,NA,1.83 kg ( 4.03 lb ),34.93 cm ( 13.75 in )
8 GB RAM,Apple,128 GB (PCIe SSD),Gold,21.24 cm ( 8.36 in ),"13.3""",Yes,2018,Intel UHD Graphics 617,1.56 cm ( .61 in ),MacBook Air (Retina),macOS Mojave,NA,5199.0,NA,1.25 kg ( 2.76 lb ),30.41 cm ( 11.97 in )
8 GB RAM,Apple,128 GB (PCIe SSD),Space Gray,21.24 cm ( 8.36 in ),"13.3""",Yes,2018,Intel UHD Graphics 617,1.56 cm ( .61 in ),MacBook Air (Retina),macOS Mojave,NA,5199.0,NA,1.25 kg ( 2.76 lb ),30.41 cm ( 11.97 in )
16 GB RAM,Dell,1 TB SSD,Silver,199.24 mm ( 7.84 in ),"13.3""",NA,2018,Intel UHD Graphics 620,7.80 mm ( .31 in ),XPS 13 9370,Windows 10 Pro,64-bit,8099.0,Yes,1.27 kg ( 2.80 lb ),301.76 mm ( 11.88 in )
8 GB RAM,Apple,256 GB SSD,Space Gray,19.65 cm ( 7.74 in ),"12""",NA,2017,Intel HD Graphics 615,1.31 cm ( .52 in ),MacBook,macOS Sierra,Not Specified,5669.0,No,.92 kg ( 2.03 lb ),28.05 cm ( 11.04 in )
8 GB RAM,Apple,128 GB (PCIe SSD),Gold,21.24 cm ( 8.36 in ),"13.3""",Yes,2019,Intel UHD Graphics 617,1.56 cm ( .61 in ),MacBook Air (Retina),macOS Mojave,Not Specified,4799.0,No,1.25 kg ( 2.76 lb ),30.41 cm ( 11.97 in )
8 GB RAM,Apple,512 GB SSD,Space Gray,21.24 cm ( 8.36 in ),"13.3""",Yes,2018,Intel Iris Plus Graphics 655,1.49 cm ( .59 in ),MacBook Pro (Retina + Touch Bar),macOS Sierra,Not Specified,8499.0,No,1.37 kg ( 3.02 lb ),30.41 cm ( 11.97 in )
8 GB RAM,Huawei,512 GB SSD,Grey,21.10 cm ( 8.31 in ),"13""",Yes,2019,Intel UHD Graphics 620,1.49 cm ( .59 in ),MateBook 13,Windows 10,64 bit,3999.0,No,1.30 kg ( 2.87 lb ),28.60 cm ( 11.26 in )
32 GB RAM,Asus,1 TB PCIe NVMe M.2 SSD,Blue,24.60 cm ( 9.69 in ),"15.6""",NA,2019,NVIDIA GeForce RTX 2060 (6 GB),2.40 cm ( .94 in ),ZenBook Pro Duo UX581GV,Windows 10,64 bit,13999.0,Yes,2.50 kg ( 5.51 lb ),35.90 cm ( 14.13 in )
4 GB RAM,Dell,500 GB HDD,Black,260.30 mm ( 10.25 in ),"15.6""",NA,2018,Intel GMA HD,23.65 mm ( .93 in ),Inspiron 15 3573,Windows 10,64 bit,1399.0,No,2.30 kg ( 5.07 lb ),380.00 mm ( 14.96 in )
4 GB RAM,Acer,64 GB (eMMC),Black,245.00 mm ( 9.65 in ),"14""",NA,2018,Intel HD Graphics 505,179.50 mm ( 7.07 in ),Aspire 1 A114-31-C6WP,Windows 10 S,64 bit,999.0,No,1.70 kg ( 3.75 lb ),343.00 mm ( 13.50 in )
16 GB RAM,Apple,512 GB SSD,Space Gray,24.07 cm ( 9.48 in ),"15.4""",NA,2019,Radeon Pro 560X GDDR5 (4 GB),1.55 cm ( .61 in ),MacBook Pro (Retina + Touch Bar),macOS Mojave,Not Specified,12499.0,No,1.83 kg ( 4.03 lb ),34.93 cm ( 13.75 in )
8 GB RAM,Apple,128 GB SSD,Space Gray,21.24 cm ( 8.36 in ),"13.3""",NA,2019,Intel Iris Plus Graphics 645,1.49 cm ( .59 in ),MacBook Pro (Retina + Touch Bar),macOS Mojave,Not Specified,5649.0,No,1.37 kg ( 3.02 lb ),30.41 cm ( 11.97 in )
4 GB RAM,Dell,1 TB HDD,Black,258.00 mm ( 10.16 in ),"15.6""",NA,2018,Intel HD Graphics 620,22.70 mm ( .89 in ),Inspiron 15 3581,Windows 10,64 bit,1929.0,No,2.28 kg ( 5.03 lb ),380.00 mm ( 14.96 in )
8 GB RAM,Microsoft,256 GB SSD,Platinum,223.20 mm ( 8.79 in ),"13.5""",NA,2018,Intel HD Graphics 620,14.47 mm ( .57 in ),Surface,Windows 10 S,64 bit,5799.0,Yes,1.25 kg ( 2.76 lb ),308.03 mm ( 12.13 in )
8 GB RAM,Huawei,256 GB SSD,Silver,22.10 cm ( 8.70 in ),"14""",Yes,2018,NVIDIA GeForce MX150 (2 GB),1.49 cm ( .59 in ),MateBook D Volta,Windows 10,64 bit,4199.0,No,1.29 kg ( 2.84 lb ),32.30 cm ( 12.72 in )
8 GB RAM,Huawei,128 GB SSD/1 TB HDD,Space Gray,23.90 cm ( 9.41 in ),"15.6""",NA,2018,NVIDIA GeForce MX150 (2 GB),1.69 cm ( .67 in ),MateBook D,Windows 10,64 bit,3299.0,No,1.90 kg ( 4.19 lb ),35.80 cm ( 14.09 in )
16 GB RAM,Dell,512 GB PCIe NVMe M.2 SSD,Silver,235.00 mm ( 9.25 in ),"15.6""",NA,2018,NVIDIA GeForce GTX 1050 Ti (4 GB),17.00 mm ( .67 in ),XPS 15,Windows 10,64 bit,8999.0,Yes,2.00 kg ( 4.41 lb ),357.09 mm ( 14.06 in )
8 GB RAM,Asus,1 TB HDD,Transparent Silver,25.10 cm ( 9.88 in ),"15.6""",NA,2019,NVIDIA GeForce MX110 (2 GB),2.72 cm ( 1.07 in ),X543UB,Windows 10,64 bit,2999.0,No,1.90 kg ( 4.19 lb ),38.10 cm ( 15.00 in )
4 GB RAM,Asus,1 TB HDD,Gray,25.10 cm ( 9.88 in ),"15.6""",NA,2019,Intel UHD Graphics 600,2.72 cm ( 1.07 in ),X543MA,Windows 10,64 bit,1249.0,No,1.90 kg ( 4.19 lb ),38.10 cm ( 15.00 in )
4 GB RAM,Dell,500 GB HDD,Black,258.00 mm ( 10.16 in ),"15.6""",NA,2018,Intel UHD Graphics 600,22.70 mm ( .89 in ),Inspiron 15 3582,Windows 10,64 bit,1399.0,No,2.28 kg ( 5.03 lb ),380.00 mm ( 14.96 in )
8 GB RAM,Apple,256 GB (PCIe SSD),Gold,21.24 cm ( 8.36 in ),"13.3""",Yes,2019,Intel UHD Graphics 617,1.56 cm ( .61 in ),MacBook Air (Retina),macOS Mojave,Not Specified,5649.0,No,1.25 kg ( 2.76 lb ),30.41 cm ( 11.97 in )
16 GB RAM,Asus,1 TB PCIe NVMe M.2 SSD,Utopia Blue,19.50 cm ( 7.68 in ),"13.9""",Yes,2019,NVIDIA GeForce MX150 (2 GB),1.29 cm ( .51 in ),ZenBook S13 UX392FN,Windows 10,64 bit,6999.0,No,1.10 kg ( 2.43 lb ),31.60 cm ( 12.44 in )
16 GB RAM,Dell,1 TB SSD,Silver,199.24 mm ( 7.84 in ),"13.3""",NA,2018,Intel UHD Graphics 620,7.80 mm ( .31 in ),XPS 13 9370,Windows 10 Pro,64 bit,8099.0,Yes,1.27 kg ( 2.80 lb ),301.76 mm ( 11.88 in )
16 GB RAM,Apple,256 GB SSD,Space Gray,24.07 cm ( 9.48 in ),"15.4""",Yes,2018,Radeon Pro 555X GDDR5 (4 GB),1.55 cm ( .61 in ),MacBook Pro (Retina + Touch Bar),macOS Sierra,Not Specified,10199.0,No,1.83 kg ( 4.03 lb ),34.93 cm ( 13.75 in )
8 GB RAM,Apple,128 GB (PCIe SSD),Space Gray,21.24 cm ( 8.36 in ),"13.3""",Yes,2019,Intel UHD Graphics 617,1.56 cm ( .61 in ),MacBook Air (Retina),macOS Mojave,Not Specified,4799.0,No,1.25 kg ( 2.76 lb ),30.41 cm ( 11.97 in )
8 GB RAM,Apple,256 GB (PCIe SSD),Space Gray,21.24 cm ( 8.36 in ),"13.3""",Yes,2019,Intel UHD Graphics 617,1.56 cm ( .61 in ),MacBook Air (Retina),macOS Mojave,Not Specified,5649.0,No,1.25 kg ( 2.76 lb ),30.41 cm ( 11.97 in )
12 GB RAM,Acer,1 TB HDD,Blue,228.00 mm ( 8.98 in ),"14""",Yes,2018,NVIDIA GeForce MX150 (2 GB),187.00 mm ( 7.36 in ),Swift 3 SF314-54G-87HB,Windows 10,64 bit,3899.0,No,1.45 kg ( 3.20 lb ),323.00 mm ( 12.72 in )
4 GB RAM,Dell,1 TB HDD,Silver,240.80 mm ( 9.48 in ),"14""",Yes,2018,AMD Radeon 530 (2 GB),17.40 mm ( .69 in ),Vostro 5471,Windows 10,64 bit,2949.0,No,1.69 kg ( 3.73 lb ),343.00 mm ( 13.50 in )
8 GB RAM,Dell,256 GB PCIe NVMe M.2 SSD,Silver,199.24 mm ( 7.84 in ),"13.3""",NA,2019,Intel UHD Graphics 620,7.80 mm ( .31 in ),XPS 13 9380,Windows 10,64 bit,5399.0,No,1.27 kg ( 2.80 lb ),301.76 mm ( 11.88 in )
12 GB RAM,Acer,1 TB HDD,Silver,259.00 mm ( 10.20 in ),"15.6""",NA,2019,NVIDIA GeForce MX250 (2 GB),19.90 mm ( .78 in ),Aspire 5 A515-54G,Windows 10,64 bit,3099.0,No,2.30 kg ( 5.07 lb ),381.60 mm ( 15.02 in )
8 GB RAM,Dell,256 GB PCIe NVMe M.2 SSD,Silver,200.15 mm ( 7.88 in ),"13.3""",NA,2018,Intel GMA HD,15.24 mm ( .60 in ),XPS 13 9360,Windows 10,64 bit,4899.0,No,1.27 kg ( 2.80 lb ),304.29 mm ( 11.98 in )
8 GB RAM,Dell,128 GB SSD/1 TB HDD,Silver,240.80 mm ( 9.48 in ),"14""",Yes,2018,AMD Radeon 530 (4 GB),16.09 mm ( .63 in ),Vostro 5471,Windows 10,64 bit,3599.0,No,1.69 kg ( 3.73 lb ),343.00 mm ( 13.50 in )
4 GB RAM,Dell,256 GB SSD,Silver,219.90 mm ( 8.66 in ),"13.3""",NA,2018,AMD Radeon 530 (2 GB),17.55 mm ( .69 in ),Inspiron 13 5370,Windows 10,64 bit,3149.0,No,1.40 kg ( 3.09 lb ),323.89 mm ( 12.75 in )
8 GB RAM,Apple,256 GB (PCIe SSD),Gold,21.24 cm ( 8.36 in ),"13.3""",Yes,2018,Intel UHD Graphics 617,1.56 cm ( .61 in ),MacBook Air (Retina),macOS Mojave,Not Specified,6099.0,No,1.25 kg ( 2.76 lb ),30.41 cm ( 11.97 in )
4 GB RAM,Dell,1 TB HDD,Black,258.00 mm ( 10.16 in ),"15.6""",NA,2019,AMD Radeon 520 (2 GB),22.70 mm ( .89 in ),Inspiron 15 3580,Windows 10,64 bit,2449.0,No,2.28 kg ( 5.03 lb ),380.00 mm ( 14.96 in )
16 GB RAM,Apple,256 GB SSD,Space Gray,21.24 cm ( 8.36 in ),"15.4""",NA,2019,Radeon Pro 555X GDDR5 (4 GB),1.49 cm ( .59 in ),MacBook Pro (Retina + Touch Bar),macOS Mojave,Not Specified,10799.0,No,1.37 kg ( 3.02 lb ),30.41 cm ( 11.97 in )
8 GB RAM,Apple,256 GB SSD,Space Gray,21.24 cm ( 8.36 in ),"13.3""",NA,2019,Intel Iris Plus Graphics 655,1.49 cm ( .59 in ),MacBook Pro (Retina + Touch Bar),macOS Mojave,Not Specified,7999.0,No,1.37 kg ( 3.02 lb ),30.41 cm ( 11.97 in )
8 GB RAM,Apple,512 GB SSD,Space Gray,21.24 cm ( 8.36 in ),"13.3""",NA,2019,Intel Iris Plus Graphics 655,1.49 cm ( .59 in ),MacBook Pro (Retina + Touch Bar),macOS Mojave,Not Specified,8699.0,No,1.37 kg ( 3.02 lb ),30.41 cm ( 11.97 in )
8 GB RAM,Asus,128 GB SSD/1 TB HDD,Slate Grey,21.20 cm ( 8.35 in ),"14""",NA,2019,NVIDIA GeForce MX230 (2 GB),1.90 cm ( .75 in ),VivoBook 14 X412FJ,Windows 10,64 bit,3099.0,No,1.50 kg ( 3.31 lb ),32.20 cm ( 12.68 in )
8 GB RAM,Apple,256 GB SSD,Space Gray,21.24 cm ( 8.36 in ),"13.3""",NA,2019,Intel Iris Plus Graphics 645,1.49 cm ( .59 in ),MacBook Pro (Retina + Touch Bar),macOS Mojave,Not Specified,6499.0,No,1.37 kg ( 3.02 lb ),30.41 cm ( 11.97 in )
8 GB RAM,Asus,128 GB M.2 SSD/1 TB HDD,Slate Grey,23.00 cm ( 9.06 in ),"15.6""",NA,2019,NVIDIA GeForce MX230 (2 GB),1.99 cm ( .78 in ),VivoBook 15 X512FJ,Windows 10,64 bit,3299.0,No,1.75 kg ( 3.86 lb ),35.70 cm ( 14.06 in )
8 GB RAM,Asus,1 TB HDD,Silver,23.50 cm ( 9.25 in ),"15.6""",NA,2019,NVIDIA GeForce MX110 (2 GB),2.29 cm ( .90 in ),X509FB,Windows 10,64 bit,2599.0,No,1.90 kg ( 4.19 lb ),36.00 cm ( 14.17 in )
8 GB RAM,Asus,512 GB NVMe M.2 SSD,Transparent Silver,1.78 cm ( .70 in ),"14""",NA,2019,NVIDIA GeForce MX250 (2 GB),1.80 cm ( .71 in ),VivoBook S14 S431,Windows 10,64 bit,3199.0,No,1.40 kg ( 3.09 lb ),32.30 cm ( 12.72 in )
4 GB RAM,Dell,64 GB (eMMC),Silver,24.19 cm ( 9.52 in ),"14""",NA,2019,Intel HD Graphics 600,1.99 cm ( .78 in ),Inspiron 14 3482,Windows 10,64 bit,1099.0,No,1.79 kg ( 3.95 lb ),33.90 cm ( 13.35 in )
4 GB RAM,HP,1 TB HDD,Smoke Grey,2.25 cm ( .89 in ),"15.6""",NA,2019,Intel UHD Graphics 620,37.60 cm ( 14.80 in ),15-da1017nx,Windows 10,64 bit,1799.0,No,3.10 kg ( 6.83 lb ),26.60 cm ( 10.47 in )
32 GB RAM,MSI,256 GB SSD (Super Raid)/1 TB HDD,Black,339.00 mm ( 13.35 in ),"18.4""",NA,2017,NVIDIA GeForce GTX 1080 (8 GB) SLI,46.00 mm ( 1.81 in ),GT83VR 7RF Titan SLI,Windows 10,64-bit,0.0,NA,5.50 kg ( 12.13 lb ),458.00 mm ( 18.03 in )
32 GB RAM,Asus,256 GB SSD/1 TB HDD,Grey,32.20 cm ( 12.68 in ),"17.3""",NA,2018,NVIDIA GeForce GTX 1070 (8 GB),4.90 cm ( 1.93 in ),ROG G752VS,Windows 10,64-bit,0.0,NA,4.30 kg ( 9.48 lb ),41.60 cm ( 16.38 in )
32 GB RAM,Acer,256 GB SSD/1 TB HDD,Black,321.50 mm ( 12.66 in ),"17.3""",NA,2018,NVIDIA GeForce GTX 980M (8 GB),44.95 mm ( 1.77 in ),Predator 17 GX791 78ND,Windows 10,64-bit,0.0,NA,4.55 kg ( 10.03 lb ),423.00 mm ( 16.65 in )
16 GB RAM,Apple,512 GB SSD,Silver,24.71 cm ( 9.73 in ),"15.4""",NA,2018,AMD Radeon R9-M370X (2 GB),1.80 cm ( .71 in ),MacBook Pro (Retina),Mac OSX Mavericks,NA,10199.0,NA,2.02 kg ( 4.45 lb ),35.89 cm ( 14.13 in )
32 GB RAM,Dell,256 GB SSD/1 TB HDD,Black,270.00 mm ( 10.63 in ),"15.6""",NA,2018,NVIDIA GeForce GTX 1080 (8 GB),34.00 mm ( 1.34 in ),Alienware 15,Windows 10,64-bit,6999.0,NA,3.22 kg ( 7.10 lb ),386.00 mm ( 15.20 in )
32 GB RAM,Dell,1 TB HDD,Silver,235.00 mm ( 9.25 in ),"15.6""",NA,2018,NVIDIA GeForce GTX 1050 (4 GB),11.00 mm ( .43 in ),XPS 15,Windows 10,64-bit,0.0,Yes,2.00 kg ( 4.41 lb ),357.00 mm ( 14.06 in )
16 GB RAM,HP,1 TB PCIe NVMe M.2 SSD,Natural Silver,22.60 cm ( 8.90 in ),"13.3""",NA,2016,Intel HD Graphics 620,1.29 cm ( .51 in ),ENVY 13-ab002nx,Windows 10,64 bit,5349.0,No,1.36 kg ( 3.00 lb ),32.65 cm ( 12.85 in )
8 GB RAM,HP,512 GB PCIe NVMe M.2 SSD,Silk Gold,21.56 cm ( 8.49 in ),"13.3""",NA,2017,Intel Graphics 620,1.39 cm ( .55 in ),ENVY 13-ad002nx,Windows 10,64 bit,5349.0,No,1.23 kg ( 2.71 lb ),30.54 cm ( 12.02 in )
8 GB RAM,HP,512 GB PCIe NVMe M.2 SSD,Natural Silver,1.49 cm ( .59 in ),"13.3""",Yes,2018,NVIDIA GeForce MX150 (2 GB),21.20 cm ( 8.35 in ),ENVY 13-ah0001nx,Windows 10,64 bit,3939.0,No,1.30 kg ( 2.87 lb ),30.70 cm ( 12.09 in )
8 GB RAM,HP,1 TB HDD,Pale Gold/Ash Silver,2.25 cm ( .89 in ),"15.6""",NA,2018,NVIDIA GeForce MX130 (4 GB),24.60 cm ( 9.69 in ),15-da1019nx,Windows 10,64 bit,3149.0,No,2.04 kg ( 4.50 lb ),37.60 cm ( 14.80 in )
8 GB RAM,Lenovo,128 GB M.2 SSD/1 TB HDD,Onyx Black,2.29 cm ( .90 in ),"15.6""",NA,2019,AMD Radeon 530 (4 GB),26.00 cm ( 10.24 in ),IdeaPad 330,Windows 10,64 bit,2549.0,No,2.20 kg ( 4.85 lb ),37.80 cm ( 14.88 in )
8 GB RAM,Lenovo,2 TB HDD,Gray,260.00 mm ( 10.24 in ),"15.6""",NA,2018,AMD Radeon 530M (4 GB),22.90 mm ( .90 in ),IdeaPad 330-15IKBR,Windows 10,64 bit,2599.0,No,2.20 kg ( 4.85 lb ),378.00 mm ( 14.88 in )
4 GB RAM,Lenovo,1 TB HDD,Platinum Grey,24.40 cm ( 9.61 in ),"15.6""",NA,2018,Intel HD Graphics 620,1.94 cm ( .76 in ),IdeaPad 330S-15IKB,Windows 10,64 bit,2519.0,No,1.80 kg ( 3.97 lb ),35.80 cm ( 14.09 in )
4 GB RAM,HP,500 GB HDD,Jet Black,25.38 cm ( 9.99 in ),"15.6""",NA,2018,Intel GMA HD,2.38 cm ( .94 in ),15-bs150nx,Windows 10,64 bit,0.0,No,2.10 kg ( 4.63 lb ),38.00 cm ( 14.96 in )
4 GB RAM,Dell,1 TB HDD,Grey,260.30 mm ( 10.25 in ),"15.6""",NA,2017,Intel GMA HD,23.66 mm ( .93 in ),Inspiron 3567,Windows 10,64-bit,0.0,NA,2.25 kg ( 4.96 lb ),380.00 mm ( 14.96 in )
4 GB RAM,Lenovo,2 TB HDD,Platinum Grey,26.00 cm ( 10.24 in ),"15.6""",NA,2018,Intel HD Graphics 620,2.29 cm ( .90 in ),IdeaPad 330,Windows 10,64 bit,1439.0,No,2.20 kg ( 4.85 lb ),37.80 cm ( 14.88 in )
8 GB RAM,HP,1 TB HDD,Jet Black,2.25 cm ( .89 in ),"15.6""",NA,2019,NVIDIA GeForce MX110 (2 GB),37.60 cm ( 14.80 in ),15-da1010nx,Windows 10,64 bit,2199.0,No,1.86 kg ( 4.10 lb ),24.60 cm ( 9.69 in )
8 GB RAM,HP,1 TB HDD,Smoke Grey,2.25 cm ( .89 in ),"15.6""",NA,2019,NVIDIA GeForce MX110 (2 GB),37.60 cm ( 14.80 in ),15-da1011nx,Windows 10,64 bit,2199.0,No,1.86 kg ( 4.10 lb ),24.60 cm ( 9.69 in )
8 GB RAM,Lenovo,512 GB NVMe M.2 SSD,Copper,211.00 mm ( 8.31 in ),"13.3""",NA,2019,NVIDIA GeForce MX150 (2 GB),14.80 mm ( .58 in ),Ideapad S530,Windows 10,64 bit,3599.0,No,1.25 kg ( 2.76 lb ),308.30 mm ( 12.14 in )
4 GB RAM,HP,1 TB HDD,Dark Grey,2.25 cm ( .89 in ),"15.6""",NA,2019,Intel UHD Graphics 620,34.60 cm ( 13.62 in ),15-da1006nx,Windows 10,64 bit,1849.0,No,3.10 kg ( 6.83 lb ),24.60 cm ( 9.69 in )
8 GB RAM,HP,128 GB M.2 SSD/1 TB HDD,Natural Silver,1.99 cm ( .78 in ),"14""",NA,2018,AMD Radeon 530 (2 GB),22.59 cm ( 8.89 in ),14-cf1001nx,Windows 10,64 bit,2799.0,No,1.51 kg ( 3.33 lb ),32.40 cm ( 12.76 in )
8 GB RAM,Lenovo,128 GB M.2 SSD/1 TB HDD,Abyss Blue,1.79 cm ( .70 in ),"15.6""",NA,2019,NVIDIA GeForce MX230 (2 GB),24.50 cm ( 9.65 in ),IdeaPad S340,Windows 10 S,64 bit,2299.0,No,1.80 kg ( 3.97 lb ),35.80 cm ( 14.09 in )
4 GB RAM,Lenovo,1 TB HDD,Abyss Blue,1.79 cm ( .70 in ),"14""",NA,2019,Intel GMA HD,23.05 cm ( 9.07 in ),IdeaPad S340,Windows 10,64 bit,1849.0,No,1.60 kg ( 3.53 lb ),32.27 cm ( 12.70 in )
4 GB RAM,Lenovo,1 TB HDD,Abyss Blue,1.79 cm ( .70 in ),"14""",NA,2019,Intel GMA HD,23.05 cm ( 9.07 in ),IdeaPad S340,Windows 10,64 bit,1579.0,No,1.60 kg ( 3.53 lb ),32.27 cm ( 12.70 in )
8 GB RAM,Asus,512 GB PCIe NVMe M.2 SSD,Silver,1.70 cm ( .67 in ),"14""",Yes,2019,Intel UHD Graphics 620,32.20 cm ( 12.68 in ),VivoBook 14 A420FA,Windows 10,64 bit,2699.0,No,1.40 kg ( 3.09 lb ),21.00 cm ( 8.27 in )
16 GB RAM,Huawei,512 GB SSD,Space Gray,21.70 cm ( 8.54 in ),"13.88""",Yes,2018,NVIDIA GeForce MX150 (2 GB),1.46 cm ( .57 in ),MateBook X Pro,Windows 10,64 bit,6999.0,Yes,1.29 kg ( 2.84 lb ),30.40 cm ( 11.97 in )
4 GB RAM,HP,32 GB (eMMC),Snow White,1.79 cm ( .70 in ),"14""",NA,2018,Intel HD Graphics 400,22.60 cm ( 8.90 in ),Stream 14-cb003nx,Windows 10,64 bit,1049.0,No,1.44 kg ( 3.17 lb ),33.70 cm ( 13.27 in )
16 GB RAM,Apple,256 GB SSD,Silver,24.71 cm ( 9.73 in ),"15.4""",NA,2015,Intel Iris Pro Graphics,1.80 cm ( .71 in ),MacBook Pro (Retina),macOS Sierra,Not Specified,8499.0,No,2.02 kg ( 4.45 lb ),35.89 cm ( 14.13 in )
8 GB RAM,Huawei,128 GB SSD/1 TB HDD,Silver,23.90 cm ( 9.41 in ),"15.6""",NA,2018,NVIDIA GeForce MX150 (2 GB),1.69 cm ( .67 in ),MateBook D,Windows 10,64 bit,3299.0,No,1.90 kg ( 4.19 lb ),35.80 cm ( 14.09 in )
4 GB RAM,HP,1 TB HDD,Jet Black,25.38 cm ( 9.99 in ),"15.6""",NA,2018,Intel UHD Graphics 620,2.38 cm ( .94 in ),15-da0035nx,Windows 10,64 bit,0.0,No,2.10 kg ( 4.63 lb ),38.00 cm ( 14.96 in )
8 GB RAM,Apple,512 GB SSD,Space Gray,21.24 cm ( 8.36 in ),"13.3""",NA,2017,Intel Iris Plus Graphics 650,1.49 cm ( .59 in ),MacBook Pro (Retina + Touch Bar),macOS Sierra,Not Specified,8499.0,No,1.37 kg ( 3.02 lb ),30.41 cm ( 11.97 in )
8 GB RAM,Asus,128 GB M.2 SSD/1 TB HDD,Icicle Gold,22.60 cm ( 8.90 in ),"14""",Yes,2018,NVIDIA GeForce MX150 (2 GB),1.80 cm ( .71 in ),VivoBook 14 S430FN,Windows 10,64 bit,3199.0,No,1.40 kg ( 3.09 lb ),32.30 cm ( 12.72 in )
8 GB RAM,Apple,128 GB SSD,Space Gray,21.24 cm ( 8.36 in ),"13.3""",NA,2017,Intel Iris Plus Graphics 640,1.49 cm ( .59 in ),MacBook Pro (Retina),macOS Sierra,Not Specified,5669.0,No,1.37 kg ( 3.02 lb ),30.41 cm ( 11.97 in )
8 GB RAM,Acer,1 TB HDD,Black,259.00 mm ( 10.20 in ),"15.6""",NA,2018,NVIDIA GeForce MX130 (2 GB),20.95 mm ( .82 in ),Aspire 3 A315-53G,Windows 10,64 bit,2499.0,No,2.10 kg ( 4.63 lb ),381.60 mm ( 15.02 in )
8 GB RAM,Asus,512 GB SSD,Royal Blue,19.90 cm ( 7.83 in ),"14""",NA,2018,NVIDIA GeForce MX150 (2 GB),1.59 cm ( .63 in ),ZenBook 14 UX433FN,Windows 10,64 bit,4999.0,No,1.09 kg ( 2.40 lb ),31.90 cm ( 12.56 in )
16 GB RAM,Apple,256 GB SSD,Space Gray,24.07 cm ( 9.48 in ),"15.4""",NA,2017,Radeon Pro 555 GDDR5 (2 GB),1.55 cm ( .61 in ),MacBook Pro (Retina + Touch Bar),macOS Sierra,Not Specified,10199.0,No,1.83 kg ( 4.03 lb ),34.93 cm ( 13.75 in )
16 GB RAM,Apple,512 GB SSD,Space Gray,24.07 cm ( 9.48 in ),"15.4""",Yes,2018,Radeon Pro 560X GDDR5 (4 GB),1.55 cm ( .61 in ),MacBook Pro (Retina + Touch Bar),macOS Sierra,Not Specified,11899.0,No,1.83 kg ( 4.03 lb ),34.93 cm ( 13.75 in )
16 GB RAM,Asus,128 GB M.2 SSD/1 TB HDD,Icicle Gold,24.30 cm ( 9.57 in ),"15.6""",Yes,2018,NVIDIA GeForce MX150 (2 GB),1.80 cm ( .71 in ),VivoBook S15 S530FN,Windows 10,64 bit,3999.0,No,1.80 kg ( 3.97 lb ),36.10 cm ( 14.21 in )
8 GB RAM,Apple,256 GB (PCIe SSD),Silver,21.24 cm ( 8.36 in ),"13.3""",Yes,2018,Intel UHD Graphics 617,1.56 cm ( .61 in ),MacBook Air (Retina),macOS Mojave,Not Specified,6099.0,No,1.25 kg ( 2.76 lb ),30.41 cm ( 11.97 in )
8 GB RAM,Apple,256 GB SSD,Space Gray,21.24 cm ( 8.36 in ),"13.3""",Yes,2018,Intel Iris Plus Graphics 655,1.49 cm ( .59 in ),MacBook Pro (Retina + Touch Bar),macOS Sierra,Not Specified,7769.0,No,1.37 kg ( 3.02 lb ),30.41 cm ( 11.97 in )
8 GB RAM,Lenovo,1 TB HDD,Platinum Grey,24.40 cm ( 9.61 in ),"15.6""",NA,2018,AMD Radeon 535 (2 GB),1.94 cm ( .76 in ),IdeaPad 330S-15IKB,Windows 10,64 bit,2519.0,No,1.87 kg ( 4.12 lb ),35.80 cm ( 14.09 in )
8 GB RAM,Lenovo,2 TB HDD,Grey,260.00 mm ( 10.24 in ),"15.6""",NA,2017,AMD Radeon 530 (4 GB),22.90 mm ( .90 in ),IdeaPad 320-15IKBRA,Windows 10,64 bit,0.0,No,2.20 kg ( 4.85 lb ),378.00 mm ( 14.88 in )
8 GB RAM,HP,1 TB PCIe NVMe M.2 SSD,Silk Gold,21.56 cm ( 8.49 in ),"13.3""",NA,2017,NVIDIA GeForce MX150 (2 GB),1.39 cm ( .55 in ),ENVY 13-ad004nx,Windows 10,64 bit,0.0,No,1.38 kg ( 3.04 lb ),30.54 cm ( 12.02 in )
16 GB RAM,HP,256 GB NVMe M.2 SSD/1 TB HDD,Natural Silver,28.30 cm ( 11.14 in ),"17.3""",NA,2017,NVIDIA GeForce 940MX (4 GB),2.33 cm ( .92 in ),ENVY 17-ae003nx,Windows 10,64 bit,0.0,No,3.04 kg ( 6.70 lb ),41.60 cm ( 16.38 in )
8 GB RAM,HP,256 GB PCIe NVMe M.2 SSD,Silk Gold,21.56 cm ( 8.49 in ),"13.3""",NA,2017,Intel Graphics 620,1.39 cm ( .55 in ),ENVY 13-ad001nx,Windows 10,64 bit,0.0,No,1.23 kg ( 2.71 lb ),30.54 cm ( 12.02 in )
8 GB RAM,Apple,256 GB (PCIe Flash),Silver,22.70 cm ( 8.94 in ),"13.3""",NA,2017,Intel HD Graphics 6000,1.70 cm ( .67 in ),MacBook Air,macOS Sierra,Not Specified,5649.0,No,1.35 kg ( 2.98 lb ),32.50 cm ( 12.80 in )
8 GB RAM,HP,512 GB PCIe NVMe M.2 SSD,Gold,1.49 cm ( .59 in ),"13.3""",NA,2018,NVIDIA GeForce MX150 (2 GB),21.20 cm ( 8.35 in ),ENVY 13-ah0006nx,Windows 10,64 bit,4939.0,No,1.30 kg ( 2.87 lb ),30.70 cm ( 12.09 in )
4 GB RAM,Asus,1 TB HDD,Star Grey,25.10 cm ( 9.88 in ),"15.6""",NA,2019,Intel HD Graphics 620,2.72 cm ( 1.07 in ),X543UA,Windows 10,64 bit,1799.0,No,1.90 kg ( 4.19 lb ),38.10 cm ( 15.00 in )
8 GB RAM,Dell,128 GB M.2 SSD/1 TB HDD,Silver,235.00 mm ( 9.25 in ),"15.6""",NA,2018,NVIDIA GeForce GTX 1050 Ti (4 GB),17.00 mm ( .67 in ),XPS 15 9570,Windows 10,64 bit,6499.0,No,1.80 kg ( 3.97 lb ),357.00 mm ( 14.06 in )
4 GB RAM,Acer,64 GB (eMMC),Black,245.00 mm ( 9.65 in ),"14""",NA,2018,Intel HD Graphics 500,17.95 mm ( .71 in ),Aspire 1 A114-31,Windows 10 S,64 bit,999.0,No,1.70 kg ( 3.75 lb ),343.00 mm ( 13.50 in )
8 GB RAM,HP,128 GB PCIe NVMe M.2 SSD,Natural Silver,1.54 cm ( .61 in ),"13.3""",NA,2018,Intel UHD Graphics 620,21.10 cm ( 8.31 in ),Pavilion 13-an0000nx,Windows 10,64 bit,3149.0,No,1.30 kg ( 2.87 lb ),31.10 cm ( 12.24 in )
8 GB RAM,Dell,1 TB HDD,Black,258.00 mm ( 10.16 in ),"15.6""",NA,2019,AMD Radeon 520 (2 GB),22.70 mm ( .89 in ),Inspiron 15 3580,Windows 10,64 bit,3149.0,No,2.28 kg ( 5.03 lb ),380.00 mm ( 14.96 in )
8 GB RAM,Dell,1 TB HDD,Black,258.00 mm ( 10.16 in ),"15.6""",NA,2019,AMD Radeon 520 (2 GB),22.70 mm ( .89 in ),Inspiron 15 3580,Windows 10,64 bit,2699.0,No,2.28 kg ( 5.03 lb ),380.00 mm ( 14.96 in )
8 GB RAM,Huawei,512 GB SSD,Grey,21.10 cm ( 8.31 in ),"13""",Yes,2019,NVIDIA GeForce MX150 (2 GB),1.49 cm ( .59 in ),MateBook 13,Windows 10,64 bit,4999.0,Yes,1.30 kg ( 2.87 lb ),28.60 cm ( 11.26 in )
4 GB RAM,Acer,500 GB HDD,Black,259.00 mm ( 10.20 in ),"15.6""",NA,2018,Intel HD Graphics 520,21.60 mm ( .85 in ),Aspire A315-51,Windows 10,64 bit,0.0,No,2.10 kg ( 4.63 lb ),381.60 mm ( 15.02 in )
8 GB RAM,HP,1 TB HDD,Natural Silver,2.25 cm ( .89 in ),"15.6""",NA,2018,NVIDIA GeForce MX130 (4 GB),24.60 cm ( 9.69 in ),15-da1003nx,Windows 10,64 bit,3149.0,No,2.04 kg ( 4.50 lb ),37.60 cm ( 14.80 in )
8 GB RAM,Asus,1 TB HDD,Grey,21.20 cm ( 8.35 in ),"14""",NA,2019,NVIDIA GeForce MX110 (2 GB),1.90 cm ( .75 in ),VivoBook 14 X412UB,Windows 10,64 bit,2799.0,No,1.50 kg ( 3.31 lb ),32.20 cm ( 12.68 in )
4 GB RAM,Asus,1 TB HDD,Chocolate Black,25.20 cm ( 9.92 in ),"15.6""",NA,2018,NVIDIA GeForce MX110 (2 GB),2.72 cm ( 1.07 in ),X540UB,Windows 10,64 bit,1999.0,No,2.00 kg ( 4.41 lb ),38.10 cm ( 15.00 in )
8 GB RAM,Asus,512 GB SSD,Royal Blue,19.90 cm ( 7.83 in ),"14""",Yes,2018,NVIDIA GeForce MX150 (2 GB),1.59 cm ( .63 in ),ZenBook 14 UX433FN,Windows 10,64 bit,4899.0,No,1.09 kg ( 2.40 lb ),31.90 cm ( 12.56 in )
8 GB RAM,Dell,1 TB HDD,Black,259.00 mm ( 10.20 in ),"15.6""",NA,2017,AMD Radeon R7-M445 (4 GB),23.30 mm ( .92 in ),Inspiron 15 5567,Windows 10,64 bit,4099.0,No,2.30 kg ( 5.07 lb ),390.00 mm ( 15.35 in )
8 GB RAM,Apple,128 GB (PCIe SSD),Space Gray,21.24 cm ( 8.36 in ),"13.3""",Yes,2018,Intel UHD Graphics 617,1.56 cm ( .61 in ),MacBook Air (Retina),macOS Mojave,Not Specified,5199.0,No,1.25 kg ( 2.76 lb ),30.41 cm ( 11.97 in )
4 GB RAM,Acer,500 GB HDD,Black,259.00 mm ( 10.20 in ),"15.6""",NA,2018,Intel GMA HD,20.95 mm ( .82 in ),Aspire 3 A315-33-C6S9,Windows 10,64 bit,1369.0,No,2.10 kg ( 4.63 lb ),381.60 mm ( 15.02 in )
8 GB RAM,Acer,1 TB HDD,Black,289.91 mm ( 11.41 in ),"15.6""",NA,2018,NVIDIA GeForce MX130 (2 GB),28.25 mm ( 1.11 in ),Aspire 5 A515-52G-75XJ,Windows 10,64 bit,3199.0,No,2.20 kg ( 4.85 lb ),423.32 mm ( 16.67 in )
4 GB RAM,Acer,64 GB (eMMC),Gold,228.00 mm ( 8.98 in ),"14""",Yes,2018,Intel HD Graphics 600,15.00 mm ( .59 in ),Swift 1 SF114-32-C4GB,Windows 10 S,64 bit,1349.0,No,1.30 kg ( 2.87 lb ),323.00 mm ( 12.72 in )
4 GB RAM,Acer,64 GB (eMMC),Silver,228.00 mm ( 8.98 in ),"14""",Yes,2018,Intel HD Graphics 600,15.00 mm ( .59 in ),Swift 1 SF114-32-C4GB,Windows 10 S,64 bit,1349.0,No,1.30 kg ( 2.87 lb ),323.00 mm ( 12.72 in )
8 GB RAM,HP,256 GB PCIe NVMe M.2 SSD,Natural Silver,1.54 cm ( .61 in ),"13.3""",NA,2018,Intel UHD Graphics 620,21.10 cm ( 8.31 in ),Pavilion 13-an0001nx,Windows 10,64 bit,3999.0,No,1.30 kg ( 2.87 lb ),31.10 cm ( 12.24 in )
8 GB RAM,Apple,128 GB (PCIe SSD),Silver,21.24 cm ( 8.36 in ),"13.3""",Yes,2019,Intel UHD Graphics 617,1.56 cm ( .61 in ),MacBook Air (Retina),macOS Mojave,Not Specified,4799.0,No,1.25 kg ( 2.76 lb ),30.41 cm ( 11.97 in )
8 GB RAM,Dell,1 TB HDD,Silver,258.00 mm ( 10.16 in ),"15.6""",NA,2017,AMD Radeon 530 (2 GB),22.70 mm ( .89 in ),Inspiron 15 5570,Windows 10,64 bit,4099.0,No,2.20 kg ( 4.85 lb ),380.00 mm ( 14.96 in )
4 GB RAM,Acer,16 GB (Optane)/1 TB HDD,Black,259.00 mm ( 10.20 in ),"15.6""",NA,2018,Intel UHD Graphics 620,20.95 mm ( .82 in ),Aspire 3 A315-53-52ZL,Windows 10,64 bit,2199.0,No,2.10 kg ( 4.63 lb ),381.60 mm ( 15.02 in )
8 GB RAM,Dell,128 GB PCIe NVMe M.2 SSD/1 TB HDD,Grey,232.00 mm ( 9.13 in ),"14""",Yes,2018,NVIDIA GeForce MX130 (2 GB),18.20 mm ( .72 in ),Vostro 5481,Windows 10,64 bit,3399.0,No,1.55 kg ( 3.42 lb ),324.90 mm ( 12.79 in )
8 GB RAM,Dell,256 GB PCIe NVMe M.2 SSD,Silver,199.24 mm ( 7.84 in ),"13.3""",NA,2018,Intel UHD Graphics 620,7.80 mm ( .31 in ),XPS 13 9360,Windows 10,64 bit,4399.0,No,1.32 kg ( 2.91 lb ),301.76 mm ( 11.88 in )
8 GB RAM,HP,1 TB HDD,Mineral Silver,1.79 cm ( .70 in ),"15.6""",NA,2019,NVIDIA GeForce MX130 (2 GB),24.56 cm ( 9.67 in ),Pavilion 15-cs2011nx,Windows 10,64 bit,2799.0,No,1.94 kg ( 4.28 lb ),36.16 cm ( 14.24 in )
8 GB RAM,Asus,256 GB SSD,Blue,22.50 cm ( 8.86 in ),"14""",NA,2017,NVIDIA GeForce MX150 (2 GB),1.59 cm ( .63 in ),ZenBook UX430UN,Windows 10,64 bit,0.0,No,1.30 kg ( 2.87 lb ),32.40 cm ( 12.76 in )
8 GB RAM,Lenovo,256 GB (PCIe Flash),Midnight Blue,23.48 cm ( 9.24 in ),"14""",NA,2018,Intel UHD Graphics 620,1.89 cm ( .74 in ),IdeaPad 330S-14IKB,Windows 10,64 bit,2499.0,No,1.67 kg ( 3.68 lb ),32.31 cm ( 12.72 in )
8 GB RAM,HP,512 GB (PCIe Flash),Ceramic White,1.04 cm ( .41 in ),"13.3""",NA,2018,Intel UHD Graphics 620,22.42 cm ( 8.83 in ),Spectre 13-af001nx,Windows 10,64 bit,6299.0,Yes,1.11 kg ( 2.45 lb ),30.82 cm ( 12.13 in )
16 GB RAM,Dell,1 TB SSD,Silver,199.24 mm ( 7.84 in ),"13.3""",NA,2019,Intel UHD Graphics 620,7.80 mm ( .31 in ),XPS 13 9380,Windows 10,64 bit,8099.0,No,1.27 kg ( 2.80 lb ),301.76 mm ( 11.88 in )
16 GB RAM,Dell,512 GB PCIe NVMe M.2 SSD,Silver,199.24 mm ( 7.84 in ),"13.3""",NA,NA,Intel UHD Graphics 620,0,XPS 13 9380,Windows 10,NA,6399.0,No,1.27 kg ( 2.80 lb ),301.76 mm ( 11.88 in )
16 GB RAM,Acer,512 GB SSD,Blue,228.00 mm ( 8.98 in ),"14""",Yes,2019,Intel GMA HD,15.00 mm ( .59 in ),Swift 5,Windows 10,Not Specified,5999.0,Yes,.90 kg ( 1.98 lb ),330.00 mm ( 12.99 in )
8 GB RAM,HP,128 GB M.2 SSD/1 TB HDD,Mineral Silver,1.79 cm ( .70 in ),"15.6""",NA,2019,NVIDIA GeForce MX130 (2 GB),24.56 cm ( 9.67 in ),Pavilion 15-cs2003nx,Windows 10,64 bit,2999.0,No,1.94 kg ( 4.28 lb ),36.16 cm ( 14.24 in )
8 GB RAM,Apple,128 GB (PCIe SSD),Silver,21.24 cm ( 8.36 in ),"13.3""",Yes,2018,Intel UHD Graphics 617,1.56 cm ( .61 in ),MacBook Air (Retina),macOS Mojave,Not Specified,5199.0,No,1.25 kg ( 2.76 lb ),30.41 cm ( 11.97 in )
4 GB RAM,Lenovo,1 TB HDD,Onyx Black,260.00 mm ( 10.24 in ),"14""",NA,2018,Intel GMA HD,22.90 mm ( .90 in ),IdeaPad 320-14ISK,Windows 10,64 bit,0.0,No,2.10 kg ( 4.63 lb ),378.00 mm ( 14.88 in )
8 GB RAM,Lenovo,1 TB HDD,Black,260.00 mm ( 10.24 in ),"15.6""",NA,2017,AMD Radeon 530 (2 GB),22.90 mm ( .90 in ),IdeaPad 320-15IKBRA,Windows 10,64 bit,0.0,No,2.20 kg ( 4.85 lb ),378.00 mm ( 14.88 in )
8 GB RAM,HP,1 TB PCIe NVMe M.2 SSD,Natural Silver,21.56 cm ( 8.49 in ),"13.3""",NA,2017,NVIDIA GeForce MX150 (2 GB),1.39 cm ( .55 in ),ENVY 13-ad101nx,Windows 10,64 bit,0.0,No,1.38 kg ( 3.04 lb ),30.54 cm ( 12.02 in )
8 GB RAM,HP,512 GB NVMe M.2 SSD,Natural Silver,21.56 cm ( 8.49 in ),"13.3""",NA,2017,Intel HD Graphics 620,1.39 cm ( .55 in ),ENVY 13-ad100nx,Windows 10,64 bit,0.0,No,1.23 kg ( 2.71 lb ),30.54 cm ( 12.02 in )
8 GB RAM,HP,256 GB PCIe NVMe M.2 SSD,Silver,22.60 cm ( 8.90 in ),"13.3""",NA,2016,Intel GMA HD,1.29 cm ( .51 in ),ENVY 13-ab000nx,Windows 10,64 bit,5349.0,No,1.36 kg ( 3.00 lb ),32.65 cm ( 12.85 in )
8 GB RAM,Apple,256 GB SSD,Space Gray,21.24 cm ( 8.36 in ),"13.3""",NA,2016,Intel Iris Graphics 550,1.49 cm ( .59 in ),MacBook Pro (Retina + Touch Bar),macOS Sierra,Not Specified,7999.0,No,1.37 kg ( 3.02 lb ),30.41 cm ( 11.97 in )
4 GB RAM,HP,1 TB HDD,Smoke Grey,25.38 cm ( 9.99 in ),"15.6""",NA,2017,AMD Radeon 520 (2 GB),2.38 cm ( .94 in ),15-bs013nx,Windows 10,64 bit,3149.0,No,2.10 kg ( 4.63 lb ),38.00 cm ( 14.96 in )
8 GB RAM,Apple,256 GB SSD,Space Gray,21.24 cm ( 8.36 in ),"13.3""",NA,2017,Intel Iris Plus Graphics 640,1.49 cm ( .59 in ),MacBook Pro (Retina),macOS Sierra,Not Specified,6499.0,No,1.37 kg ( 3.02 lb ),30.41 cm ( 11.97 in )
8 GB RAM,Apple,256 GB SSD,Silver,21.24 cm ( 8.36 in ),"13.3""",NA,2017,Intel Iris Plus Graphics 640,1.49 cm ( .59 in ),MacBook Pro (Retina),macOS Sierra,Not Specified,6499.0,No,1.37 kg ( 3.02 lb ),30.41 cm ( 11.97 in )
4 GB RAM,Dell,1 TB HDD,Black,260.30 mm ( 10.25 in ),"15.6""",NA,2017,AMD Radeon R5-M430 (2 GB),23.62 mm ( .93 in ),Inspiron 15 3567,Windows 10,64 bit,0.0,No,2.24 kg ( 4.94 lb ),380.00 mm ( 14.96 in )
4 GB RAM,Lenovo,1 TB HDD,Grey,260.00 mm ( 10.24 in ),"15.6""",NA,2017,Intel GMA HD,22.90 mm ( .90 in ),IdeaPad 320-15IKBRN,Windows 10,64 bit,0.0,No,2.20 kg ( 4.85 lb ),378.00 mm ( 14.88 in )
16 GB RAM,Apple,256 GB SSD,Silver,24.07 cm ( 9.48 in ),"15.4""",NA,2018,Radeon Pro 555X GDDR5 (4 GB),1.55 cm ( .61 in ),MacBook Pro (Retina + Touch Bar),macOS Sierra,Not Specified,10199.0,No,1.83 kg ( 4.03 lb ),34.93 cm ( 13.75 in )
16 GB RAM,Apple,512 GB SSD,Silver,24.07 cm ( 9.48 in ),"15.4""",NA,2018,Radeon Pro 560X GDDR5 (4 GB),1.55 cm ( .61 in ),MacBook Pro (Retina + Touch Bar),macOS Sierra,Not Specified,12499.0,No,1.83 kg ( 4.03 lb ),34.93 cm ( 13.75 in )
4 GB RAM,Lenovo,1 TB HDD,Platinum Grey,23.48 cm ( 9.24 in ),"14""",NA,2018,Intel UHD Graphics 620,1.89 cm ( .74 in ),IdeaPad 330S-14IKB,Windows 10,64 bit,2099.0,No,1.67 kg ( 3.68 lb ),32.31 cm ( 12.72 in )
4 GB RAM,Dell,1 TB HDD,Black,260.30 mm ( 10.25 in ),"15.6""",NA,2018,AMD Radeon 520 (2 GB),23.65 mm ( .93 in ),Inspiron 15 3576,Windows 10,64 bit,2299.0,No,2.30 kg ( 5.07 lb ),380.00 mm ( 14.96 in )
16 GB RAM,Acer,512 GB SSD,Blue,228.00 mm ( 8.98 in ),"14""",Yes,2018,Intel UHD Graphics 620,15.00 mm ( .59 in ),Swift 5 SF514-52TP-8933,Windows 10 Pro,64 bit,5999.0,Yes,.90 kg ( 1.98 lb ),330.00 mm ( 12.99 in )
8 GB RAM,Apple,256 GB (PCIe SSD),Space Gray,21.24 cm ( 8.36 in ),"13.3""",NA,2018,Intel UHD Graphics 617,1.56 cm ( .61 in ),MacBook Air (Retina),macOS Mojave,Not Specified,6099.0,No,1.25 kg ( 2.76 lb ),30.41 cm ( 11.97 in )
8 GB RAM,Dell,128 GB PCIe NVMe M.2 SSD/1 TB HDD,Grey,232.00 mm ( 9.13 in ),"14""",Yes,2018,NVIDIA GeForce MX130 (2 GB),18.20 mm ( .72 in ),Vostro 5481,Windows 10,64 bit,3899.0,No,1.55 kg ( 3.42 lb ),324.90 mm ( 12.79 in )
4 GB RAM,Acer,1 TB HDD,Obsidian Black,259.00 mm ( 10.20 in ),"15.6""",NA,2019,Intel HD Graphics 620,20.95 mm ( .82 in ),Aspire 3,Windows 10,64 bit,1749.0,No,2.10 kg ( 4.63 lb ),381.60 mm ( 15.02 in )
16 GB RAM,Dell,256 GB SSD/1 TB HDD,Silver,248.00 mm ( 9.76 in ),"15.6""",NA,2019,NVIDIA GeForce MX130 (4 GB),18.00 mm ( .71 in ),Inspiron 15 5584,Windows 10,64 bit,4099.0,No,2.00 kg ( 4.41 lb ),364.00 mm ( 14.33 in )
16 GB RAM,Dell,128 GB SSD/1 TB HDD,Silver,240.80 mm ( 9.48 in ),"14""",NA,2019,NVIDIA GeForce MX250 (2 GB),16.09 mm ( .63 in ),Inspiron 14 5480,Windows 10,64 bit,4099.0,No,1.69 kg ( 3.73 lb ),343.00 mm ( 13.50 in )
4 GB RAM,Acer,1 TB HDD,Black,259.00 mm ( 10.20 in ),"15.6""",NA,2019,Intel UHD Graphics 620,19.90 mm ( .78 in ),Aspire 3 A315-54,Windows 10,64 bit,1999.0,No,1.90 kg ( 4.19 lb ),381.60 mm ( 15.02 in )
4 GB RAM,Acer,1 TB HDD,Blue,259.00 mm ( 10.20 in ),"15.6""",NA,2019,Intel UHD Graphics 620,19.90 mm ( .78 in ),Aspire 3 A315-54,Windows 10,64 bit,1999.0,No,1.90 kg ( 4.19 lb ),381.60 mm ( 15.02 in )
4 GB RAM,Asus,128 GB M.2 SSD,Silver,21.00 cm ( 8.27 in ),"14""",NA,2019,Intel UHD Graphics 620,1.77 cm ( .70 in ),VivoBook 14 X420UA,Windows 10 S,64 bit,1699.0,No,1.40 kg ( 3.09 lb ),32.20 cm ( 12.68 in )
8 GB RAM,Apple,128 GB SSD,Silver,21.24 cm ( 8.36 in ),"13.3""",NA,2019,Intel Iris Plus Graphics 645,1.49 cm ( .59 in ),MacBook Pro (Retina + Touch Bar),macOS Mojave,Not Specified,5649.0,No,1.37 kg ( 3.02 lb ),30.41 cm ( 11.97 in )
8 GB RAM,Apple,256 GB SSD,Silver,21.24 cm ( 8.36 in ),"13.3""",NA,2019,Intel Iris Plus Graphics 645,1.49 cm ( .59 in ),MacBook Pro (Retina + Touch Bar),macOS Mojave,Not Specified,6499.0,No,1.37 kg ( 3.02 lb ),30.41 cm ( 11.97 in )
16 GB RAM,Asus,512 GB NVMe M.2 SSD,Transparent Silver,21.30 cm ( 8.39 in ),"14""",NA,2019,NVIDIA GeForce MX250 (2 GB),1.80 cm ( .71 in ),VivoBook S14 S431,Windows 10,64 bit,3999.0,No,1.40 kg ( 3.09 lb ),32.30 cm ( 12.72 in )
4 GB RAM,Asus,1 TB HDD,Grey,2.29 cm ( .90 in ),"15.6""",NA,2019,Intel UHD Graphics 620,36.00 cm ( 14.17 in ),X509FA,Windows 10,64 bit,1999.0,No,1.90 kg ( 4.19 lb ),23.50 cm ( 9.25 in )
